<?xml version="1.0" encoding="UTF-8"?>
<application xmlns="http://xmlns.jcp.org/xml/ns/javaee" xmlns:xsi="http://www.w3.org/2001/XMLSchema-instance" xsi:schemaLocation="http://xmlns.jcp.org/xml/ns/javaee http://xmlns.jcp.org/xml/ns/javaee/application_7.xsd" version="7">
  <application-name>jvtCasalDona</application-name>
  <display-name>jvtCasalDonaEAR</display-name>
  <module>
    <ejb>jvtCasalDonaEJB.jar</ejb>
  </module>
  <module>
    <web>
      <web-uri>jvtCasalDonaWeb.war</web-uri>
      <context-root>/jvtCasalDonaWeb</context-root>
    </web>
  </module>
</application>